{
  "Resources": {
    "dwsapi1D003C3F": {
      "Type": "AWS::ApiGateway::RestApi",
      "Properties": {
        "Name": "dws-api"
      },
      "Metadata": {
        "aws:cdk:path": "dws-stack/dws-api/Resource"
      }
    },
    "dwsapiDeployment828DF7726a07b16bb32f363b5c624b9158724746": {
      "Type": "AWS::ApiGateway::Deployment",
      "Properties": {
        "RestApiId": {
          "Ref": "dwsapi1D003C3F"
        },
        "Description": "Automatically created by the RestApi construct"
      },
      "DependsOn": [
        "dwsapiOPTIONS84ABE31B",
        "dwsapitestGET8F707D6A",
        "dwsapitestOPTIONS7A2003D5",
        "dwsapitestD25BFCAB"
      ],
      "Metadata": {
        "aws:cdk:path": "dws-stack/dws-api/Deployment/Resource"
      }
    },
    "dwsapiDeploymentStageprod98436DDD": {
      "Type": "AWS::ApiGateway::Stage",
      "Properties": {
        "RestApiId": {
          "Ref": "dwsapi1D003C3F"
        },
        "DeploymentId": {
          "Ref": "dwsapiDeployment828DF7726a07b16bb32f363b5c624b9158724746"
        },
        "StageName": "prod"
      },
      "Metadata": {
        "aws:cdk:path": "dws-stack/dws-api/DeploymentStage.prod/Resource"
      }
    },
    "dwsapiCloudWatchRoleE1DDC1D2": {
      "Type": "AWS::IAM::Role",
      "Properties": {
        "AssumeRolePolicyDocument": {
          "Statement": [
            {
              "Action": "sts:AssumeRole",
              "Effect": "Allow",
              "Principal": {
                "Service": "apigateway.amazonaws.com"
              }
            }
          ],
          "Version": "2012-10-17"
        },
        "ManagedPolicyArns": [
          {
            "Fn::Join": [
              "",
              [
                "arn:",
                {
                  "Ref": "AWS::Partition"
                },
                ":iam::aws:policy/service-role/AmazonAPIGatewayPushToCloudWatchLogs"
              ]
            ]
          }
        ]
      },
      "Metadata": {
        "aws:cdk:path": "dws-stack/dws-api/CloudWatchRole/Resource"
      }
    },
    "dwsapiAccount1D80DDB8": {
      "Type": "AWS::ApiGateway::Account",
      "Properties": {
        "CloudWatchRoleArn": {
          "Fn::GetAtt": [
            "dwsapiCloudWatchRoleE1DDC1D2",
            "Arn"
          ]
        }
      },
      "DependsOn": [
        "dwsapi1D003C3F"
      ],
      "Metadata": {
        "aws:cdk:path": "dws-stack/dws-api/Account"
      }
    },
    "dwsapiOPTIONS84ABE31B": {
      "Type": "AWS::ApiGateway::Method",
      "Properties": {
        "HttpMethod": "OPTIONS",
        "ResourceId": {
          "Fn::GetAtt": [
            "dwsapi1D003C3F",
            "RootResourceId"
          ]
        },
        "RestApiId": {
          "Ref": "dwsapi1D003C3F"
        },
        "AuthorizationType": "NONE",
        "Integration": {
          "IntegrationResponses": [
            {
              "ResponseParameters": {
                "method.response.header.Access-Control-Allow-Headers": "'Content-Type,X-Amz-Date,Authorization,X-Api-Key,X-Amz-Security-Token,X-Amz-User-Agent'",
                "method.response.header.Access-Control-Allow-Origin": "'*'",
                "method.response.header.Access-Control-Allow-Credentials": "'false'",
                "method.response.header.Access-Control-Allow-Methods": "'OPTIONS,GET,PUT,POST,DELETE'"
              },
              "StatusCode": "200"
            }
          ],
          "PassthroughBehavior": "NEVER",
          "RequestTemplates": {
            "application/json": "{\"statusCode\": 200}"
          },
          "Type": "MOCK"
        },
        "MethodResponses": [
          {
            "ResponseParameters": {
              "method.response.header.Access-Control-Allow-Headers": true,
              "method.response.header.Access-Control-Allow-Methods": true,
              "method.response.header.Access-Control-Allow-Credentials": true,
              "method.response.header.Access-Control-Allow-Origin": true
            },
            "StatusCode": "200"
          }
        ]
      },
      "Metadata": {
        "aws:cdk:path": "dws-stack/dws-api/Default/OPTIONS/Resource"
      }
    },
    "dwsapitestD25BFCAB": {
      "Type": "AWS::ApiGateway::Resource",
      "Properties": {
        "ParentId": {
          "Fn::GetAtt": [
            "dwsapi1D003C3F",
            "RootResourceId"
          ]
        },
        "PathPart": "test",
        "RestApiId": {
          "Ref": "dwsapi1D003C3F"
        }
      },
      "Metadata": {
        "aws:cdk:path": "dws-stack/dws-api/Default/test/Resource"
      }
    },
    "dwsapitestOPTIONS7A2003D5": {
      "Type": "AWS::ApiGateway::Method",
      "Properties": {
        "HttpMethod": "OPTIONS",
        "ResourceId": {
          "Ref": "dwsapitestD25BFCAB"
        },
        "RestApiId": {
          "Ref": "dwsapi1D003C3F"
        },
        "AuthorizationType": "NONE",
        "Integration": {
          "IntegrationResponses": [
            {
              "ResponseParameters": {
                "method.response.header.Access-Control-Allow-Headers": "'Content-Type,X-Amz-Date,Authorization,X-Api-Key,X-Amz-Security-Token,X-Amz-User-Agent'",
                "method.response.header.Access-Control-Allow-Origin": "'*'",
                "method.response.header.Access-Control-Allow-Credentials": "'false'",
                "method.response.header.Access-Control-Allow-Methods": "'OPTIONS,GET,PUT,POST,DELETE'"
              },
              "StatusCode": "200"
            }
          ],
          "PassthroughBehavior": "NEVER",
          "RequestTemplates": {
            "application/json": "{\"statusCode\": 200}"
          },
          "Type": "MOCK"
        },
        "MethodResponses": [
          {
            "ResponseParameters": {
              "method.response.header.Access-Control-Allow-Headers": true,
              "method.response.header.Access-Control-Allow-Methods": true,
              "method.response.header.Access-Control-Allow-Credentials": true,
              "method.response.header.Access-Control-Allow-Origin": true
            },
            "StatusCode": "200"
          }
        ]
      },
      "Metadata": {
        "aws:cdk:path": "dws-stack/dws-api/Default/test/OPTIONS/Resource"
      }
    },
    "dwsapitestGETApiPermissiondwsstackdwsapi3E1A7FD6GETtest7536934B": {
      "Type": "AWS::Lambda::Permission",
      "Properties": {
        "Action": "lambda:InvokeFunction",
        "FunctionName": {
          "Fn::GetAtt": [
            "DwsLambdatest19E9C1B76",
            "Arn"
          ]
        },
        "Principal": "apigateway.amazonaws.com",
        "SourceArn": {
          "Fn::Join": [
            "",
            [
              "arn:",
              {
                "Ref": "AWS::Partition"
              },
              ":execute-api:us-east-2:313944524791:",
              {
                "Ref": "dwsapi1D003C3F"
              },
              "/",
              {
                "Ref": "dwsapiDeploymentStageprod98436DDD"
              },
              "/GET/test"
            ]
          ]
        }
      },
      "Metadata": {
        "aws:cdk:path": "dws-stack/dws-api/Default/test/GET/ApiPermission.dwsstackdwsapi3E1A7FD6.GET..test"
      }
    },
    "dwsapitestGETApiPermissionTestdwsstackdwsapi3E1A7FD6GETtest0BB3A0AA": {
      "Type": "AWS::Lambda::Permission",
      "Properties": {
        "Action": "lambda:InvokeFunction",
        "FunctionName": {
          "Fn::GetAtt": [
            "DwsLambdatest19E9C1B76",
            "Arn"
          ]
        },
        "Principal": "apigateway.amazonaws.com",
        "SourceArn": {
          "Fn::Join": [
            "",
            [
              "arn:",
              {
                "Ref": "AWS::Partition"
              },
              ":execute-api:us-east-2:313944524791:",
              {
                "Ref": "dwsapi1D003C3F"
              },
              "/test-invoke-stage/GET/test"
            ]
          ]
        }
      },
      "Metadata": {
        "aws:cdk:path": "dws-stack/dws-api/Default/test/GET/ApiPermission.Test.dwsstackdwsapi3E1A7FD6.GET..test"
      }
    },
    "dwsapitestGET8F707D6A": {
      "Type": "AWS::ApiGateway::Method",
      "Properties": {
        "HttpMethod": "GET",
        "ResourceId": {
          "Ref": "dwsapitestD25BFCAB"
        },
        "RestApiId": {
          "Ref": "dwsapi1D003C3F"
        },
        "AuthorizationType": "NONE",
        "Integration": {
          "IntegrationHttpMethod": "POST",
          "Type": "AWS_PROXY",
          "Uri": {
            "Fn::Join": [
              "",
              [
                "arn:",
                {
                  "Ref": "AWS::Partition"
                },
                ":apigateway:us-east-2:lambda:path/2015-03-31/functions/",
                {
                  "Fn::GetAtt": [
                    "DwsLambdatest19E9C1B76",
                    "Arn"
                  ]
                },
                "/invocations"
              ]
            ]
          }
        }
      },
      "Metadata": {
        "aws:cdk:path": "dws-stack/dws-api/Default/test/GET/Resource"
      }
    },
    "DwsLambdaRole064A6567": {
      "Type": "AWS::IAM::Role",
      "Properties": {
        "AssumeRolePolicyDocument": {
          "Statement": [
            {
              "Action": "sts:AssumeRole",
              "Effect": "Allow",
              "Principal": {
                "Service": "lambda.amazonaws.com"
              }
            }
          ],
          "Version": "2012-10-17"
        },
        "ManagedPolicyArns": [
          {
            "Fn::Join": [
              "",
              [
                "arn:",
                {
                  "Ref": "AWS::Partition"
                },
                ":iam::aws:policy/service-role/AWSLambdaBasicExecutionRole"
              ]
            ]
          }
        ]
      },
      "Metadata": {
        "aws:cdk:path": "dws-stack/DwsLambda/Role/Resource"
      }
    },
    "DwsLambdatest19E9C1B76": {
      "Type": "AWS::Lambda::Function",
      "Properties": {
        "Code": {
          "S3Bucket": {
            "Ref": "AssetParameters7eddcf44a1265b8a260139c8f74d3aac5f09996bdf22a93320f11f65430cd322S3Bucket6E695AF8"
          },
          "S3Key": {
            "Fn::Join": [
              "",
              [
                {
                  "Fn::Select": [
                    0,
                    {
                      "Fn::Split": [
                        "||",
                        {
                          "Ref": "AssetParameters7eddcf44a1265b8a260139c8f74d3aac5f09996bdf22a93320f11f65430cd322S3VersionKey9F9A9B80"
                        }
                      ]
                    }
                  ]
                },
                {
                  "Fn::Select": [
                    1,
                    {
                      "Fn::Split": [
                        "||",
                        {
                          "Ref": "AssetParameters7eddcf44a1265b8a260139c8f74d3aac5f09996bdf22a93320f11f65430cd322S3VersionKey9F9A9B80"
                        }
                      ]
                    }
                  ]
                }
              ]
            ]
          }
        },
        "Handler": "lib/test.handler",
        "Role": {
          "Fn::GetAtt": [
            "DwsLambdaRole064A6567",
            "Arn"
          ]
        },
        "Runtime": "nodejs10.x"
      },
      "DependsOn": [
        "DwsLambdaRole064A6567"
      ],
      "Metadata": {
        "aws:cdk:path": "dws-stack/DwsLambda/test1/Resource",
        "aws:asset:path": "asset.7eddcf44a1265b8a260139c8f74d3aac5f09996bdf22a93320f11f65430cd322.zip",
        "aws:asset:property": "Code"
      }
    },
    "DwsLambdatest1ApiGatewayInvocation3A22483E": {
      "Type": "AWS::Lambda::Permission",
      "Properties": {
        "Action": "lambda:InvokeFunction",
        "FunctionName": {
          "Fn::GetAtt": [
            "DwsLambdatest19E9C1B76",
            "Arn"
          ]
        },
        "Principal": "apigateway.amazonaws.com"
      },
      "Metadata": {
        "aws:cdk:path": "dws-stack/DwsLambda/test1/ApiGatewayInvocation"
      }
    }
  },
  "Outputs": {
    "dwsapiEndpoint39E4275B": {
      "Value": {
        "Fn::Join": [
          "",
          [
            "https://",
            {
              "Ref": "dwsapi1D003C3F"
            },
            ".execute-api.us-east-2.",
            {
              "Ref": "AWS::URLSuffix"
            },
            "/",
            {
              "Ref": "dwsapiDeploymentStageprod98436DDD"
            },
            "/"
          ]
        ]
      }
    }
  },
  "Parameters": {
    "AssetParameters7eddcf44a1265b8a260139c8f74d3aac5f09996bdf22a93320f11f65430cd322S3Bucket6E695AF8": {
      "Type": "String",
      "Description": "S3 bucket for asset \"7eddcf44a1265b8a260139c8f74d3aac5f09996bdf22a93320f11f65430cd322\""
    },
    "AssetParameters7eddcf44a1265b8a260139c8f74d3aac5f09996bdf22a93320f11f65430cd322S3VersionKey9F9A9B80": {
      "Type": "String",
      "Description": "S3 key for asset version \"7eddcf44a1265b8a260139c8f74d3aac5f09996bdf22a93320f11f65430cd322\""
    },
    "AssetParameters7eddcf44a1265b8a260139c8f74d3aac5f09996bdf22a93320f11f65430cd322ArtifactHashC2EFE862": {
      "Type": "String",
      "Description": "Artifact hash for asset \"7eddcf44a1265b8a260139c8f74d3aac5f09996bdf22a93320f11f65430cd322\""
    }
  }
}